{
  "accuracy": 0.7678979545194835,
  "balanced_accuracy": 0.2664007665680052,
  "macro_precision": 0.44717592645155063,
  "macro_recall": 0.2664007665680052,
  "macro_f1": 0.2557176334028749,
  "weighted_f1": 0.6848647741666721,
  "mcc": 0.22678994493253415,
  "per_class": {
    "Benign": {
      "precision": 0.7972179056594315,
      "recall": 0.9972284752224431,
      "f1": 0.8860765135708096,
      "support": 318958
    },
    "Botnet": {
      "precision": 0.0,
      "recall": 0.0,
      "f1": 0.0,
      "support": 27
    },
    "BruteForce": {
      "precision": 0.0,
      "recall": 0.0,
      "f1": 0.0,
      "support": 1400
    },
    "DDoS": {
      "precision": 0.8571428571428571,
      "recall": 0.00031578947368421053,
      "f1": 0.0006313463460830221,
      "support": 19000
    },
    "DoS": {
      "precision": 0.8225574712643678,
      "recall": 0.03328488372093023,
      "f1": 0.06398077782744749,
      "support": 34400
    },
    "Infiltration": {
      "precision": 0.1682857877152403,
      "recall": 0.22736111111111112,
      "f1": 0.19341308521636394,
      "support": 14400
    },
    "PortScan": {
      "precision": 0.0,
      "recall": 0.0,
      "f1": 0.0,
      "support": 31800
    },
    "WebAttack": {
      "precision": 0.9322033898305084,
      "recall": 0.873015873015873,
      "f1": 0.9016393442622951,
      "support": 63
    }
  },
  "confusion_matrix": [
    [
      318074,
      2,
      153,
      1,
      246,
      482,
      0,
      0
    ],
    [
      27,
      0,
      0,
      0,
      0,
      0,
      0,
      0
    ],
    [
      1400,
      0,
      0,
      0,
      0,
      0,
      0,
      0
    ],
    [
      18994,
      0,
      0,
      6,
      0,
      0,
      0,
      0
    ],
    [
      33251,
      0,
      0,
      0,
      1145,
      0,
      0,
      4
    ],
    [
      11126,
      0,
      0,
      0,
      0,
      3274,
      0,
      0
    ],
    [
      16101,
      0,
      0,
      0,
      0,
      15699,
      0,
      0
    ],
    [
      7,
      0,
      0,
      0,
      1,
      0,
      0,
      55
    ]
  ],
  "labels": [
    "Benign",
    "Botnet",
    "BruteForce",
    "DDoS",
    "DoS",
    "Infiltration",
    "PortScan",
    "WebAttack"
  ]
}