{
  "p_src_train_attack": 0.055944,
  "p_tgt_true_attack": 0.240663,
  "baseline_0.5": {
    "attack_f1": 0.3929634002361275,
    "benign_f1": 0.8918386752046853,
    "macro_f1": 0.6424010377204064,
    "precision": 0.9615947611710324,
    "recall": 0.24693837174794736,
    "specificity": 0.9968741966026875,
    "fpr": 0.003125803397312499,
    "mcc": 0.43284059757947535,
    "balanced_accuracy": 0.6219062841753175,
    "accuracy": 0.8163924122957377,
    "threshold": 0.5
  },
  "prior_ratio_known": {
    "attack_f1": 0.6384560997322061,
    "benign_f1": 0.8259801631033723,
    "macro_f1": 0.7322181314177891,
    "precision": 0.5069786654720417,
    "recall": 0.8620041547136216,
    "specificity": 0.7343192520645352,
    "fpr": 0.2656807479354648,
    "mcc": 0.5184617880609508,
    "balanced_accuracy": 0.7981617033890784,
    "accuracy": 0.7650482801965489,
    "p_tgt_used": 0.240663
  },
  "sld_em": {
    "attack_f1": 0.38795865970242044,
    "benign_f1": 0.0,
    "macro_f1": 0.19397932985121022,
    "precision": 0.2406629718508361,
    "recall": 1.0,
    "specificity": 0.0,
    "fpr": 1.0,
    "mcc": 0.0,
    "balanced_accuracy": 0.5,
    "accuracy": 0.2406629718508361,
    "p_tgt_estimated": 0.999999
  },
  "oracle_best_f1": {
    "attack_f1": 0.747750333283958,
    "benign_f1": 0.912678827812532,
    "macro_f1": 0.830214580548245,
    "precision": 0.702693532390249,
    "recall": 0.7989811059451973,
    "specificity": 0.8928605020096689,
    "fpr": 0.10713949799033107,
    "mcc": 0.6633806146241924,
    "balanced_accuracy": 0.8459208039774331,
    "accuracy": 0.8702672075572315,
    "threshold": 0.201434
  }
}