{
  "p_src_train_attack": 0.055944,
  "p_tgt_true_attack": 0.240663,
  "baseline_0.5": {
    "attack_f1": 9.891588193400332e-05,
    "benign_f1": 0.863212449255751,
    "macro_f1": 0.4316556825688425,
    "precision": 0.8333333333333334,
    "recall": 4.946087644673064e-05,
    "specificity": 0.9999968647909756,
    "fpr": 3.135209024396346e-06,
    "mcc": 0.005239870441559582,
    "balanced_accuracy": 0.5000231628337112,
    "accuracy": 0.7593465508703767,
    "threshold": 0.5
  },
  "prior_ratio_known": {
    "attack_f1": 0.6364078939960457,
    "benign_f1": 0.7959899283650318,
    "macro_f1": 0.7161989111805387,
    "precision": 0.47835070023548626,
    "recall": 0.9504599861509546,
    "specificity": 0.6714959336338954,
    "fpr": 0.32850406636610463,
    "mcc": 0.5322617374214902,
    "balanced_accuracy": 0.8109779598924249,
    "accuracy": 0.7386322515522036,
    "p_tgt_used": 0.240663
  },
  "sld_em": {
    "attack_f1": 0.38795865970242044,
    "benign_f1": 0.0,
    "macro_f1": 0.19397932985121022,
    "precision": 0.2406629718508361,
    "recall": 1.0,
    "specificity": 0.0,
    "fpr": 1.0,
    "mcc": 0.0,
    "balanced_accuracy": 0.5,
    "accuracy": 0.2406629718508361,
    "p_tgt_estimated": 0.999999
  },
  "oracle_best_f1": {
    "attack_f1": 0.7320270909610131,
    "benign_f1": 0.8961632030177761,
    "macro_f1": 0.8140951469893947,
    "precision": 0.6431133778187184,
    "recall": 0.84947076862202,
    "specificity": 0.850594749151926,
    "fpr": 0.149405250848074,
    "mcc": 0.6426829222652835,
    "balanced_accuracy": 0.8500327588869729,
    "accuracy": 0.8503242486572963,
    "threshold": 0.181508
  }
}