{
  "accuracy": 0.9998762046242334,
  "balanced_accuracy": 0.9998306440039215,
  "macro_precision": 0.9998306440039215,
  "macro_recall": 0.9998306440039215,
  "macro_f1": 0.9998306440039215,
  "weighted_f1": 0.9998762046242334,
  "mcc": 0.9996612880078429,
  "per_class": {
    "Benign": {
      "precision": 0.999918484565366,
      "recall": 0.999918484565366,
      "f1": 0.999918484565366,
      "support": 318958
    },
    "Attack": {
      "precision": 0.999742803442477,
      "recall": 0.999742803442477,
      "f1": 0.999742803442477,
      "support": 101090
    }
  },
  "confusion_matrix": [
    [
      318932,
      26
    ],
    [
      26,
      101064
    ]
  ],
  "labels": [
    "Benign",
    "Attack"
  ],
  "overlap_free": {
    "accuracy": 0.9998589778595239,
    "balanced_accuracy": 0.9997294710369571,
    "macro_precision": 0.9997651890624015,
    "macro_recall": 0.9997294710369571,
    "macro_f1": 0.9997473290083083,
    "weighted_f1": 0.9998589753397344,
    "mcc": 0.9994946594611474,
    "per_class": {
      "Benign": {
        "precision": 0.9999062775985437,
        "recall": 0.9999242997728993,
        "f1": 0.999915288604515,
        "support": 277410
      },
      "Attack": {
        "precision": 0.9996241005262593,
        "recall": 0.9995346423010149,
        "f1": 0.9995793694121017,
        "support": 55871
      }
    },
    "confusion_matrix": [
      [
        277389,
        21
      ],
      [
        26,
        55845
      ]
    ],
    "labels": [
      "Benign",
      "Attack"
    ],
    "n_rows": 333281,
    "roc_auc": 0.9999988768433804,
    "pr_auc": 0.9999947046059793
  },
  "roc_auc": 0.9999981463530223,
  "pr_auc": 0.9999937844527453
}