{
  "accuracy": 0.9948839180284158,
  "balanced_accuracy": 0.9753793290188537,
  "macro_precision": 0.9708213613797279,
  "macro_recall": 0.9753793290188537,
  "macro_f1": 0.9730642382273618,
  "weighted_f1": 0.9948962083888954,
  "mcc": 0.9874554644433272,
  "per_class": {
    "Benign": {
      "precision": 0.9999529672934558,
      "recall": 0.9998557803848782,
      "f1": 0.9999043714776173,
      "support": 318958
    },
    "Botnet": {
      "precision": 1.0,
      "recall": 1.0,
      "f1": 1.0,
      "support": 27
    },
    "BruteForce": {
      "precision": 1.0,
      "recall": 1.0,
      "f1": 1.0,
      "support": 1400
    },
    "DDoS": {
      "precision": 1.0,
      "recall": 1.0,
      "f1": 1.0,
      "support": 19000
    },
    "DoS": {
      "precision": 0.9998546680618533,
      "recall": 0.9999709302325581,
      "f1": 0.999912795767688,
      "support": 34400
    },
    "Infiltration": {
      "precision": 0.9198496754355996,
      "recall": 0.9348611111111111,
      "f1": 0.927294644394696,
      "support": 14400
    },
    "PortScan": {
      "precision": 0.9699905033238366,
      "recall": 0.9635849056603774,
      "f1": 0.9667770941788926,
      "support": 31800
    },
    "WebAttack": {
      "precision": 0.8769230769230769,
      "recall": 0.9047619047619048,
      "f1": 0.890625,
      "support": 63
    }
  },
  "confusion_matrix": [
    [
      318912,
      0,
      0,
      0,
      5,
      18,
      15,
      8
    ],
    [
      0,
      27,
      0,
      0,
      0,
      0,
      0,
      0
    ],
    [
      0,
      0,
      1400,
      0,
      0,
      0,
      0,
      0
    ],
    [
      0,
      0,
      0,
      19000,
      0,
      0,
      0,
      0
    ],
    [
      1,
      0,
      0,
      0,
      34399,
      0,
      0,
      0
    ],
    [
      5,
      0,
      0,
      0,
      0,
      13462,
      933,
      0
    ],
    [
      3,
      0,
      0,
      0,
      0,
      1155,
      30642,
      0
    ],
    [
      6,
      0,
      0,
      0,
      0,
      0,
      0,
      57
    ]
  ],
  "labels": [
    "Benign",
    "Botnet",
    "BruteForce",
    "DDoS",
    "DoS",
    "Infiltration",
    "PortScan",
    "WebAttack"
  ],
  "overlap_free": {
    "accuracy": 0.9998319736198583,
    "balanced_accuracy": 0.9853294199984078,
    "macro_precision": 0.9756160995907422,
    "macro_recall": 0.9853294199984078,
    "macro_f1": 0.9803978704280791,
    "weighted_f1": 0.9998329325867131,
    "mcc": 0.9994271712152688,
    "per_class": {
      "Benign": {
        "precision": 0.9999459235358797,
        "recall": 0.9998558090912368,
        "f1": 0.9999008642832038,
        "support": 277410
      },
      "Botnet": {
        "precision": 1.0,
        "recall": 1.0,
        "f1": 1.0,
        "support": 27
      },
      "BruteForce": {
        "precision": 1.0,
        "recall": 1.0,
        "f1": 1.0,
        "support": 1400
      },
      "DDoS": {
        "precision": 1.0,
        "recall": 1.0,
        "f1": 1.0,
        "support": 19000
      },
      "DoS": {
        "precision": 0.9998546680618533,
        "recall": 0.9999709302325581,
        "f1": 0.999912795767688,
        "support": 34400
      },
      "Infiltration": {
        "precision": 0.9782051282051282,
        "recall": 0.9921976592977894,
        "f1": 0.985151710781149,
        "support": 769
      },
      "PortScan": {
        "precision": 0.95,
        "recall": 0.9858490566037735,
        "f1": 0.9675925925925927,
        "support": 212
      },
      "WebAttack": {
        "precision": 0.8769230769230769,
        "recall": 0.9047619047619048,
        "f1": 0.890625,
        "support": 63
      }
    },
    "confusion_matrix": [
      [
        277370,
        0,
        0,
        0,
        5,
        17,
        10,
        8
      ],
      [
        0,
        27,
        0,
        0,
        0,
        0,
        0,
        0
      ],
      [
        0,
        0,
        1400,
        0,
        0,
        0,
        0,
        0
      ],
      [
        0,
        0,
        0,
        19000,
        0,
        0,
        0,
        0
      ],
      [
        1,
        0,
        0,
        0,
        34399,
        0,
        0,
        0
      ],
      [
        5,
        0,
        0,
        0,
        0,
        763,
        1,
        0
      ],
      [
        3,
        0,
        0,
        0,
        0,
        0,
        209,
        0
      ],
      [
        6,
        0,
        0,
        0,
        0,
        0,
        0,
        57
      ]
    ],
    "labels": [
      "Benign",
      "Botnet",
      "BruteForce",
      "DDoS",
      "DoS",
      "Infiltration",
      "PortScan",
      "WebAttack"
    ],
    "n_rows": 333281
  }
}