{
  "accuracy": 0.9999512622715626,
  "balanced_accuracy": 0.9998098854610735,
  "macro_precision": 0.9997287773920693,
  "macro_recall": 0.9998098854610735,
  "macro_f1": 0.9997693276949153,
  "weighted_f1": 0.9999512642489864,
  "mcc": 0.9995386595623652,
  "per_class": {
    "Benign": {
      "precision": 0.9999792990785324,
      "recall": 0.9999690746481005,
      "f1": 0.999974186837181,
      "support": 11931958
    },
    "Attack": {
      "precision": 0.9994782557056061,
      "recall": 0.9996506962740465,
      "f1": 0.9995644685526497,
      "support": 707121
    }
  },
  "confusion_matrix": [
    [
      11931589,
      369
    ],
    [
      247,
      706874
    ]
  ],
  "labels": [
    "Benign",
    "Attack"
  ],
  "overlap_free": {
    "accuracy": 0.9999412175635565,
    "balanced_accuracy": 0.9998081048942378,
    "macro_precision": 0.9997856353140593,
    "macro_recall": 0.9998081048942378,
    "macro_f1": 0.999796869800173,
    "weighted_f1": 0.9999412182242332,
    "mcc": 0.9995937399557535,
    "per_class": {
      "Benign": {
        "precision": 0.9999701981490587,
        "recall": 0.9999660112544618,
        "f1": 0.9999681046973775,
        "support": 8120335
      },
      "Attack": {
        "precision": 0.9996010724790599,
        "recall": 0.9996501985340138,
        "f1": 0.9996256349029685,
        "support": 691821
      }
    },
    "confusion_matrix": [
      [
        8120059,
        276
      ],
      [
        242,
        691579
      ]
    ],
    "labels": [
      "Benign",
      "Attack"
    ],
    "n_rows": 8812156,
    "roc_auc": 0.9999973842033032,
    "pr_auc": 0.9999908599380402
  },
  "roc_auc": 0.9999971905697869,
  "pr_auc": 0.9999807267422838
}