{
  "accuracy": 0.9983780463750563,
  "balanced_accuracy": 0.9968102958444983,
  "macro_precision": 0.8998262961713918,
  "macro_recall": 0.9968102958444983,
  "macro_f1": 0.9337173741535173,
  "weighted_f1": 0.9986697802095901,
  "mcc": 0.9852351379535779,
  "per_class": {
    "Benign": {
      "precision": 0.999998740711488,
      "recall": 0.9982831820225985,
      "f1": 0.999140224949028,
      "support": 11931958
    },
    "Botnet": {
      "precision": 0.9999298811485468,
      "recall": 1.0,
      "f1": 0.9999649393450669,
      "support": 28521
    },
    "BruteForce": {
      "precision": 1.0,
      "recall": 1.0,
      "f1": 1.0,
      "support": 18800
    },
    "DDoS": {
      "precision": 0.9999963610030531,
      "recall": 1.0,
      "f1": 0.999998180498216,
      "support": 274800
    },
    "DoS": {
      "precision": 0.9999236699488588,
      "recall": 1.0,
      "f1": 0.9999618335178045,
      "support": 366800
    },
    "Infiltration": {
      "precision": 0.46842694581152516,
      "recall": 0.9993888888888889,
      "f1": 0.6378738719571654,
      "support": 18000
    },
    "WebAttack": {
      "precision": 0.8305084745762712,
      "recall": 0.98,
      "f1": 0.8990825688073395,
      "support": 200
    }
  },
  "confusion_matrix": [
    [
      11911473,
      2,
      0,
      1,
      28,
      20414,
      40
    ],
    [
      0,
      28521,
      0,
      0,
      0,
      0,
      0
    ],
    [
      0,
      0,
      18800,
      0,
      0,
      0,
      0
    ],
    [
      0,
      0,
      0,
      274800,
      0,
      0,
      0
    ],
    [
      0,
      0,
      0,
      0,
      366800,
      0,
      0
    ],
    [
      11,
      0,
      0,
      0,
      0,
      17989,
      0
    ],
    [
      4,
      0,
      0,
      0,
      0,
      0,
      196
    ]
  ],
  "labels": [
    "Benign",
    "Botnet",
    "BruteForce",
    "DDoS",
    "DoS",
    "Infiltration",
    "WebAttack"
  ],
  "overlap_free": {
    "accuracy": 0.9978605689685929,
    "balanced_accuracy": 0.9962294386993307,
    "macro_precision": 0.8508118263197646,
    "macro_recall": 0.9962294386993307,
    "macro_f1": 0.8743545031571119,
    "weighted_f1": 0.9986868136232759,
    "mcc": 0.9858607180977574,
    "per_class": {
      "Benign": {
        "precision": 0.9999981484937627,
        "recall": 0.9976801449693886,
        "f1": 0.9988378018853218,
        "support": 8120335
      },
      "Botnet": {
        "precision": 0.9999298811485468,
        "recall": 1.0,
        "f1": 0.9999649393450669,
        "support": 28521
      },
      "BruteForce": {
        "precision": 1.0,
        "recall": 1.0,
        "f1": 1.0,
        "support": 18800
      },
      "DDoS": {
        "precision": 0.9999963610030531,
        "recall": 1.0,
        "f1": 0.999998180498216,
        "support": 274800
      },
      "DoS": {
        "precision": 0.9999236699488588,
        "recall": 1.0,
        "f1": 0.9999618335178045,
        "support": 366800
      },
      "Infiltration": {
        "precision": 0.1253262490678598,
        "recall": 0.9959259259259259,
        "f1": 0.22263619804603413,
        "support": 2700
      },
      "WebAttack": {
        "precision": 0.8305084745762712,
        "recall": 0.98,
        "f1": 0.8990825688073395,
        "support": 200
      }
    },
    "confusion_matrix": [
      [
        8101497,
        2,
        0,
        1,
        28,
        18767,
        40
      ],
      [
        0,
        28521,
        0,
        0,
        0,
        0,
        0
      ],
      [
        0,
        0,
        18800,
        0,
        0,
        0,
        0
      ],
      [
        0,
        0,
        0,
        274800,
        0,
        0,
        0
      ],
      [
        0,
        0,
        0,
        0,
        366800,
        0,
        0
      ],
      [
        11,
        0,
        0,
        0,
        0,
        2689,
        0
      ],
      [
        4,
        0,
        0,
        0,
        0,
        0,
        196
      ]
    ],
    "labels": [
      "Benign",
      "Botnet",
      "BruteForce",
      "DDoS",
      "DoS",
      "Infiltration",
      "WebAttack"
    ],
    "n_rows": 8812156
  }
}