{
  "algorithm": "lightgbm",
  "generated": "2026-07-17T15:28:14",
  "directions": {
    "cicids2017->cicids2018": {
      "binary": {
        "concept": {
          "accuracy": 0.9211024790651281,
          "balanced_accuracy": 0.9033579786551094,
          "macro_f1": 0.7564084385962317,
          "mcc": 0.5668846936581028,
          "attack_f1": 0.5561134599479546,
          "benign_f1": 0.956703417244509,
          "sensitivity": 0.8833778094555246,
          "precision": 0.40578323365040886,
          "specificity": 0.9233381478546941,
          "fpr": 0.07666185214530585,
          "roc_auc": 0.9337281028264383,
          "pr_auc": 0.40566326805958935
        },
        "covariate": {
          "accuracy": 0.9392813352934972,
          "balanced_accuracy": 0.5091449380929352,
          "macro_f1": 0.5061874348721651,
          "mcc": 0.04856513261850473,
          "attack_f1": 0.043729642302640925,
          "benign_f1": 0.9686452274416893,
          "sensitivity": 0.024814706393955208,
          "precision": 0.18392888963428056,
          "specificity": 0.9934751697919151,
          "fpr": 0.00652483020808492,
          "roc_auc": 0.8289017096279236,
          "pr_auc": 0.20256652811129347
        }
      },
      "multiclass": {
        "concept": {
          "accuracy": 0.9316769837422489,
          "balanced_accuracy": 0.26426201712926284,
          "macro_f1": 0.18519669852827816,
          "mcc": 0.006739910617196036
        },
        "covariate": {
          "accuracy": 0.9384144999805761,
          "balanced_accuracy": 0.3204139177482076,
          "macro_f1": 0.2445397810915418,
          "mcc": 0.0396812938000902
        }
      }
    },
    "cicids2018->cicids2017": {
      "binary": {
        "concept": {
          "accuracy": 0.7593465508703767,
          "balanced_accuracy": 0.5000231628337112,
          "macro_f1": 0.4316556825688425,
          "mcc": 0.005239870441559582,
          "attack_f1": 9.891588193400332e-05,
          "benign_f1": 0.863212449255751,
          "sensitivity": 4.946087644673064e-05,
          "precision": 0.8333333333333334,
          "specificity": 0.9999968647909756,
          "fpr": 3.135209024396346e-06,
          "roc_auc": 0.876703819822993,
          "pr_auc": 0.5939235250146906
        },
        "covariate": {
          "accuracy": 0.8163924122957377,
          "balanced_accuracy": 0.6219062841753175,
          "macro_f1": 0.6424010377204064,
          "mcc": 0.43284059757947535,
          "attack_f1": 0.3929634002361275,
          "benign_f1": 0.8918386752046853,
          "sensitivity": 0.24693837174794736,
          "precision": 0.9615947611710324,
          "specificity": 0.9968741966026875,
          "fpr": 0.003125803397312499,
          "roc_auc": 0.9186817711921403,
          "pr_auc": 0.7970583972364771
        }
      },
      "multiclass": {
        "concept": {
          "accuracy": 0.7593370281491639,
          "balanced_accuracy": 0.125,
          "macro_f1": 0.10790101839497922,
          "mcc": 0.0
        },
        "covariate": {
          "accuracy": 0.7678979545194835,
          "balanced_accuracy": 0.2664007665680052,
          "macro_f1": 0.2557176334028749,
          "mcc": 0.22678994493253415
        }
      }
    }
  },
  "recalibration": {
    "cicids2017->cicids2018": {
      "concept": {
        "p_src_train_attack": 0.240685,
        "p_tgt_true_attack": 0.055947,
        "baseline_0.5": {
          "attack_f1": 0.5561134599479546,
          "benign_f1": 0.956703417244509,
          "macro_f1": 0.7564084385962317,
          "precision": 0.40578323365040886,
          "recall": 0.8833778094555246,
          "specificity": 0.9233381478546941,
          "fpr": 0.07666185214530585,
          "mcc": 0.5668846936581028,
          "balanced_accuracy": 0.9033579786551094,
          "accuracy": 0.9211024790651281,
          "threshold": 0.5
        },
        "prior_ratio_known": {
          "attack_f1": 0.0,
          "benign_f1": 0.9712213611497145,
          "macro_f1": 0.48561068057485723,
          "precision": 0.0,
          "recall": 0.0,
          "specificity": 1.0,
          "fpr": 0.0,
          "mcc": 0.0,
          "balanced_accuracy": 0.5,
          "accuracy": 0.9440528063793255,
          "p_tgt_used": 0.055947
        },
        "sld_em": {
          "attack_f1": 0.10596589291333865,
          "benign_f1": 0.0,
          "macro_f1": 0.05298294645666932,
          "precision": 0.05594719362067442,
          "recall": 1.0,
          "specificity": 0.0,
          "fpr": 1.0,
          "mcc": 0.0,
          "balanced_accuracy": 0.5,
          "accuracy": 0.05594719362067442,
          "p_tgt_estimated": 0.999999
        },
        "oracle_best_f1": {
          "attack_f1": 0.6885045973388876,
          "benign_f1": 0.9768106972883162,
          "macro_f1": 0.8326576473136018,
          "precision": 0.5773478996521204,
          "recall": 0.8526687794592439,
          "specificity": 0.9630079991900743,
          "fpr": 0.03699200080992571,
          "mcc": 0.6808819777401836,
          "balanced_accuracy": 0.9078383893246591,
          "accuracy": 0.9568348294998393,
          "threshold": 0.652305
        }
      },
      "covariate": {
        "p_src_train_attack": 0.240685,
        "p_tgt_true_attack": 0.055947,
        "baseline_0.5": {
          "attack_f1": 0.043729642302640925,
          "benign_f1": 0.9686452274416893,
          "macro_f1": 0.5061874348721651,
          "precision": 0.18392888963428056,
          "recall": 0.024814706393955208,
          "specificity": 0.9934751697919151,
          "fpr": 0.00652483020808492,
          "mcc": 0.04856513261850473,
          "balanced_accuracy": 0.5091449380929352,
          "accuracy": 0.9392813352934972,
          "threshold": 0.5
        },
        "prior_ratio_known": {
          "attack_f1": 0.025219597289189176,
          "benign_f1": 0.9690733691998792,
          "macro_f1": 0.4971464832445342,
          "precision": 0.13960775377077667,
          "recall": 0.013861842598367181,
          "specificity": 0.9949372098024482,
          "fpr": 0.0050627901975518474,
          "mcc": 0.027207458013579936,
          "balanced_accuracy": 0.5043995262004076,
          "accuracy": 0.9400487962770072,
          "p_tgt_used": 0.055947
        },
        "sld_em": {
          "attack_f1": 0.0,
          "benign_f1": 0.9712213611497145,
          "macro_f1": 0.48561068057485723,
          "precision": 0.0,
          "recall": 0.0,
          "specificity": 1.0,
          "fpr": 0.0,
          "mcc": 0.0,
          "balanced_accuracy": 0.5,
          "accuracy": 0.9440528063793255,
          "p_tgt_estimated": 1e-06
        },
        "oracle_best_f1": {
          "attack_f1": 0.2598886152366188,
          "benign_f1": 0.8424464403054199,
          "macro_f1": 0.5511675277710194,
          "precision": 0.15458154447748965,
          "recall": 0.8153102510037179,
          "specificity": 0.7357475612971484,
          "fpr": 0.26425243870285164,
          "mcc": 0.2776793312408403,
          "balanced_accuracy": 0.7755289061504331,
          "accuracy": 0.7401988705031435,
          "threshold": 0.123303
        }
      }
    },
    "cicids2018->cicids2017": {
      "concept": {
        "p_src_train_attack": 0.055944,
        "p_tgt_true_attack": 0.240663,
        "baseline_0.5": {
          "attack_f1": 9.891588193400332e-05,
          "benign_f1": 0.863212449255751,
          "macro_f1": 0.4316556825688425,
          "precision": 0.8333333333333334,
          "recall": 4.946087644673064e-05,
          "specificity": 0.9999968647909756,
          "fpr": 3.135209024396346e-06,
          "mcc": 0.005239870441559582,
          "balanced_accuracy": 0.5000231628337112,
          "accuracy": 0.7593465508703767,
          "threshold": 0.5
        },
        "prior_ratio_known": {
          "attack_f1": 0.6364078939960457,
          "benign_f1": 0.7959899283650318,
          "macro_f1": 0.7161989111805387,