{
  "accuracy": 0.9384144999805761,
  "balanced_accuracy": 0.3204139177482076,
  "macro_precision": 0.37541232352227466,
  "macro_recall": 0.3204139177482076,
  "macro_f1": 0.2445397810915418,
  "weighted_f1": 0.9152757111635281,
  "mcc": 0.0396812938000902,
  "per_class": {
    "Benign": {
      "precision": 0.9449353599234316,
      "recall": 0.9932457858131918,
      "f1": 0.9684884884721282,
      "support": 11931958
    },
    "Botnet": {
      "precision": 0.012798634812286689,
      "recall": 0.0010518565267697486,
      "f1": 0.00194394945731411,
      "support": 28521
    },
    "BruteForce": {
      "precision": 0.0,
      "recall": 0.0,
      "f1": 0.0,
      "support": 18800
    },
    "DDoS": {
      "precision": 0.0,
      "recall": 0.0,
      "f1": 0.0,
      "support": 274800
    },
    "DoS": {
      "precision": 0.9780952380952381,
      "recall": 0.005599781897491821,
      "f1": 0.011135809162374628,
      "support": 366800
    },
    "Infiltration": {
      "precision": 0.5235733846495448,
      "recall": 0.393,
      "f1": 0.44898606835708166,
      "support": 18000
    },
    "PortScan": {
      "precision": 0.0,
      "recall": 0.0,
      "f1": 0.0,
      "support": 0
    },
    "WebAttack": {
      "precision": 0.16848364717542122,
      "recall": 0.85,
      "f1": 0.2812241521918941,
      "support": 200
    }
  },
  "confusion_matrix": [
    [
      11851367,
      2307,
      57,
      3,
      33,
      6437,
      70915,
      839
    ],
    [
      28491,
      30,
      0,
      0,
      0,
      0,
      0,
      0
    ],
    [
      18800,
      0,
      0,
      0,
      0,
      0,
      0,
      0
    ],
    [
      274800,
      0,
      0,
      0,
      0,
      0,
      0,
      0
    ],
    [
      364746,
      0,
      0,
      0,
      2054,
      0,
      0,
      0
    ],
    [
      3753,
      7,
      0,
      0,
      13,
      7074,
      7153,
      0
    ],
    [
      0,
      0,
      0,
      0,
      0,
      0,
      0,
      0
    ],
    [
      30,
      0,
      0,
      0,
      0,
      0,
      0,
      170
    ]
  ],
  "labels": [
    "Benign",
    "Botnet",
    "BruteForce",
    "DDoS",
    "DoS",
    "Infiltration",
    "PortScan",
    "WebAttack"
  ]
}