{
  "accuracy": 0.9316769837422489,
  "balanced_accuracy": 0.26426201712926284,
  "macro_precision": 0.3121879879172016,
  "macro_recall": 0.26426201712926284,
  "macro_f1": 0.18519669852827816,
  "weighted_f1": 0.9112764440326835,
  "mcc": 0.006739910617196036,
  "per_class": {
    "Benign": {
      "precision": 0.9443091393233539,
      "recall": 0.9867738387949404,
      "f1": 0.9650745876567617,
      "support": 11931958
    },
    "Botnet": {
      "precision": 0.0,
      "recall": 0.0,
      "f1": 0.0,
      "support": 28521
    },
    "BruteForce": {
      "precision": 0.0,
      "recall": 0.0,
      "f1": 0.0,
      "support": 18800
    },
    "DDoS": {
      "precision": 0.0,
      "recall": 0.0,
      "f1": 0.0,
      "support": 274800
    },
    "DoS": {
      "precision": 0.9692737430167597,
      "recall": 0.0028380588876772083,
      "f1": 0.005659546475151819,
      "support": 366800
    },
    "Infiltration": {
      "precision": 0.08409506398537477,
      "recall": 0.010222222222222223,
      "f1": 0.0182286506835744,
      "support": 18000
    },
    "PortScan": {
      "precision": 0.0,
      "recall": 0.0,
      "f1": 0.0,
      "support": 0
    },
    "WebAttack": {
      "precision": 0.18763796909492272,
      "recall": 0.85,
      "f1": 0.3074141048824593,
      "support": 200
    }
  },
  "confusion_matrix": [
    [
      11774144,
      0,
      0,
      0,
      33,
      1841,
      155204,
      736
    ],
    [
      28358,
      0,
      0,
      0,
      0,
      163,
      0,
      0
    ],
    [
      18800,
      0,
      0,
      0,
      0,
      0,
      0,
      0
    ],
    [
      274800,
      0,
      0,
      0,
      0,
      0,
      0,
      0
    ],
    [
      354635,
      0,
      0,
      0,
      1041,
      0,
      11124,
      0
    ],
    [
      17760,
      0,
      0,
      0,
      0,
      184,
      56,
      0
    ],
    [
      0,
      0,
      0,
      0,
      0,
      0,
      0,
      0
    ],
    [
      30,
      0,
      0,
      0,
      0,
      0,
      0,
      170
    ]
  ],
  "labels": [
    "Benign",
    "Botnet",
    "BruteForce",
    "DDoS",
    "DoS",
    "Infiltration",
    "PortScan",
    "WebAttack"
  ]
}