{
  "p_src_train_attack": 0.240685,
  "p_tgt_true_attack": 0.055947,
  "baseline_0.5": {
    "attack_f1": 0.043729642302640925,
    "benign_f1": 0.9686452274416893,
    "macro_f1": 0.5061874348721651,
    "precision": 0.18392888963428056,
    "recall": 0.024814706393955208,
    "specificity": 0.9934751697919151,
    "fpr": 0.00652483020808492,
    "mcc": 0.04856513261850473,
    "balanced_accuracy": 0.5091449380929352,
    "accuracy": 0.9392813352934972,
    "threshold": 0.5
  },
  "prior_ratio_known": {
    "attack_f1": 0.025219597289189176,
    "benign_f1": 0.9690733691998792,
    "macro_f1": 0.4971464832445342,
    "precision": 0.13960775377077667,
    "recall": 0.013861842598367181,
    "specificity": 0.9949372098024482,
    "fpr": 0.0050627901975518474,
    "mcc": 0.027207458013579936,
    "balanced_accuracy": 0.5043995262004076,
    "accuracy": 0.9400487962770072,
    "p_tgt_used": 0.055947
  },
  "sld_em": {
    "attack_f1": 0.0,
    "benign_f1": 0.9712213611497145,
    "macro_f1": 0.48561068057485723,
    "precision": 0.0,
    "recall": 0.0,
    "specificity": 1.0,
    "fpr": 0.0,
    "mcc": 0.0,
    "balanced_accuracy": 0.5,
    "accuracy": 0.9440528063793255,
    "p_tgt_estimated": 1e-06
  },
  "oracle_best_f1": {
    "attack_f1": 0.2598886152366188,
    "benign_f1": 0.8424464403054199,
    "macro_f1": 0.5511675277710194,
    "precision": 0.15458154447748965,
    "recall": 0.8153102510037179,
    "specificity": 0.7357475612971484,
    "fpr": 0.26425243870285164,
    "mcc": 0.2776793312408403,
    "balanced_accuracy": 0.7755289061504331,
    "accuracy": 0.7401988705031435,
    "threshold": 0.123303
  }
}